state,city,centre,date,capacity
Andaman And Nicobar,Port Blair,Dexit Global Limited - Port Blair,10-MAY-2026,5
Andhra Pradesh,Anantapur,Dexit Global Limited - Anantapur,06-MAY-2026,5
Andhra Pradesh,Anantapur,Dexit Global Limited - Anantapur,10-MAY-2026,4
Andhra Pradesh,Anantapur,Dexit Global Limited - Anantapur,29-APR-2026,2
Andhra Pradesh,Eluru,Dexit Global Limited - Eluru,03-MAY-2026,5
Andhra Pradesh,Eluru,Dexit Global Limited - Eluru,10-MAY-2026,5
Andhra Pradesh,Guntur,Dexit Global Limited - Guntur,02-MAY-2026,7
Andhra Pradesh,Guntur,Dexit Global Limited - Guntur,04-MAY-2026,7
Andhra Pradesh,Guntur,Dexit Global Limited - Guntur,05-MAY-2026,7
Andhra Pradesh,Guntur,Dexit Global Limited - Guntur,06-MAY-2026,7
Andhra Pradesh,Guntur,Dexit Global Limited - Guntur,07-MAY-2026,7
Andhra Pradesh,Guntur,Dexit Global Limited - Guntur,09-MAY-2026,7
Andhra Pradesh,Guntur,Dexit Global Limited - Guntur,10-MAY-2026,10
Andhra Pradesh,Guntur,Dexit Global Limited - Guntur,10-MAY-2026,9
Andhra Pradesh,Guntur,Dexit Global Limited - Guntur,27-APR-2026,5
Andhra Pradesh,Guntur,Dexit Global Limited - Guntur,27-APR-2026,7
Andhra Pradesh,Guntur,Dexit Global Limited - Guntur,28-APR-2026,3
Andhra Pradesh,Guntur,Dexit Global Limited - Guntur,28-APR-2026,5
Andhra Pradesh,Guntur,Dexit Global Limited - Guntur,28-APR-2026,6
Andhra Pradesh,Guntur,Dexit Global Limited - Guntur,29-APR-2026,1
Andhra Pradesh,Guntur,Dexit Global Limited - Guntur,29-APR-2026,2
Andhra Pradesh,Guntur,Dexit Global Limited - Guntur,29-APR-2026,5
Andhra Pradesh,Kadapa,Dexit Global Limited - Kadapa,10-MAY-2026,8
Andhra Pradesh,Kurnool,Dexit Global Limited - Kurnool,10-MAY-2026,5
Andhra Pradesh,Nellore,Dexit Global Limited - Nellore,09-MAY-2026,6
Andhra Pradesh,Ongole,Dexit Global Limited - Ongole,10-MAY-2026,7
Andhra Pradesh,Rajamahendravaram,Dexit Global Limited - Rajamahendravaram,10-MAY-2026,4
Andhra Pradesh,Srikakulam,Dexit Global Limited - Srikakulam,09-MAY-2026,6
Andhra Pradesh,Srikakulam,Dexit Global Limited - Srikakulam,10-MAY-2026,6
Andhra Pradesh,Tirupati,Dexit Global Limited - Tirupati,04-MAY-2026,3
Andhra Pradesh,Tirupati,Dexit Global Limited - Tirupati,05-MAY-2026,3
Andhra Pradesh,Tirupati,Dexit Global Limited - Tirupati,06-MAY-2026,3
Andhra Pradesh,Tirupati,Dexit Global Limited - Tirupati,07-MAY-2026,3
Andhra Pradesh,Tirupati,Dexit Global Limited - Tirupati,09-MAY-2026,2
Andhra Pradesh,Tirupati,Dexit Global Limited - Tirupati,10-MAY-2026,4
Andhra Pradesh,Tirupati,Dexit Global Limited - Tirupati,28-APR-2026,2
Andhra Pradesh,Tirupati,Dexit Global Limited - Tirupati,28-APR-2026,3
Andhra Pradesh,Tirupati,Dexit Global Limited - Tirupati,29-APR-2026,1
Andhra Pradesh,Tirupati,Dexit Global Limited - Tirupati,29-APR-2026,2
Andhra Pradesh,Vijayawada,Dexit Global Limited - Vijayawada,04-MAY-2026,5
Andhra Pradesh,Vijayawada,Dexit Global Limited - Vijayawada,05-MAY-2026,5
Andhra Pradesh,Vijayawada,Dexit Global Limited - Vijayawada,06-MAY-2026,5
Andhra Pradesh,Vijayawada,Dexit Global Limited - Vijayawada,07-MAY-2026,5
Andhra Pradesh,Vijayawada,Dexit Global Limited - Vijayawada,09-MAY-2026,5
Andhra Pradesh,Vijayawada,Dexit Global Limited - Vijayawada,10-MAY-2026,14
Andhra Pradesh,Vijayawada,Dexit Global Limited - Vijayawada,10-MAY-2026,15
Andhra Pradesh,Vijayawada,Dexit Global Limited - Vijayawada,27-APR-2026,4
Andhra Pradesh,Vijayawada,Dexit Global Limited - Vijayawada,28-APR-2026,1
Andhra Pradesh,Vijayawada,Dexit Global Limited - Vijayawada,28-APR-2026,5
Andhra Pradesh,Vijayawada,Dexit Global Limited - Vijayawada,29-APR-2026,2
Andhra Pradesh,Vijayawada,Dexit Global Limited - Vijayawada,30-APR-2026,2
Andhra Pradesh,Visakhapatnam,Dexit Global Limited - Visakhapatnam,04-MAY-2026,5
Andhra Pradesh,Visakhapatnam,Dexit Global Limited - Visakhapatnam,05-MAY-2026,5
Andhra Pradesh,Visakhapatnam,Dexit Global Limited - Visakhapatnam,06-MAY-2026,4
Andhra Pradesh,Visakhapatnam,Dexit Global Limited - Visakhapatnam,06-MAY-2026,5
Andhra Pradesh,Visakhapatnam,Dexit Global Limited - Visakhapatnam,07-MAY-2026,5
Andhra Pradesh,Visakhapatnam,Dexit Global Limited - Visakhapatnam,09-MAY-2026,5
Andhra Pradesh,Visakhapatnam,Dexit Global Limited - Visakhapatnam,10-MAY-2026,16
Andhra Pradesh,Visakhapatnam,Dexit Global Limited - Visakhapatnam,10-MAY-2026,17
Andhra Pradesh,Visakhapatnam,Dexit Global Limited - Visakhapatnam,28-APR-2026,1
Andhra Pradesh,Visakhapatnam,Dexit Global Limited - Visakhapatnam,28-APR-2026,2
Andhra Pradesh,Vizianagaram,Dexit Global Limited - Vizianagaram,10-MAY-2026,5
Arunachal Pradesh,Itanagar,Dexit Global Limited - Itanagar,03-MAY-2026,5
Arunachal Pradesh,Itanagar,Dexit Global Limited - Itanagar,10-MAY-2026,5
Assam,Dibrugarh,Dexit Global Limited - Dibrugarh,03-MAY-2026,5
Assam,Dibrugarh,Dexit Global Limited - Dibrugarh,10-MAY-2026,4
Assam,Guwahati,DEXIT GLOBAL LIMITED - GUWAHATI - 1,03-MAY-2026,27
Assam,Guwahati,DEXIT GLOBAL LIMITED - GUWAHATI - 1,10-MAY-2026,26
Assam,Guwahati,DEXIT GLOBAL LIMITED - GUWAHATI - 1,29-APR-2026,8
Assam,Jorhat,Dexit Global Limited - Jorhat,03-MAY-2026,3
Assam,Jorhat,Dexit Global Limited - Jorhat,10-MAY-2026,5
Assam,Silchar,Dexit Global Limited - Silchar,06-MAY-2026,5
Bihar,Begusarai,Dexit Global Limited - Begusarai,03-MAY-2026,5
Bihar,Begusarai,Dexit Global Limited - Begusarai,10-MAY-2026,5
Bihar,Begusarai,Dexit Global Limited - Begusarai,29-APR-2026,1
Bihar,Begusarai,Dexit Global Limited - Begusarai,29-APR-2026,5
Bihar,Begusarai,Dexit Global Limited - Begusarai,30-APR-2026,4
Bihar,Begusarai,Dexit Global Limited - Begusarai,30-APR-2026,5
Bihar,Bhagalpur,Dexit Global Limited - Bhagalpur,03-MAY-2026,9
Bihar,Bhagalpur,Dexit Global Limited - Bhagalpur,10-MAY-2026,9
Bihar,Bhagalpur,Dexit Global Limited - Bhagalpur,28-APR-2026,8
Bihar,Bhagalpur,Dexit Global Limited - Bhagalpur,28-APR-2026,9
Bihar,Bhagalpur,Dexit Global Limited - Bhagalpur,29-APR-2026,8
Bihar,Bhagalpur,Dexit Global Limited - Bhagalpur,29-APR-2026,9
Bihar,Gaya,Dexit Global Limited - Gaya,03-MAY-2026,6
Bihar,Gaya,Dexit Global Limited - Gaya,10-MAY-2026,6
Bihar,Gaya,Dexit Global Limited - Gaya,28-APR-2026,5
Bihar,Gaya,Dexit Global Limited - Gaya,28-APR-2026,6
Bihar,Gaya,Dexit Global Limited - Gaya,29-APR-2026,5
Bihar,Gaya,Dexit Global Limited - Gaya,29-APR-2026,6
Bihar,Motihari,Dexit Global Limited - Motihari,03-MAY-2026,5
Bihar,Motihari,Dexit Global Limited - Motihari,10-MAY-2026,5
Bihar,Motihari,Dexit Global Limited - Motihari,27-APR-2026,4
Bihar,Motihari,Dexit Global Limited - Motihari,29-APR-2026,4
Bihar,Motihari,Dexit Global Limited - Motihari,29-APR-2026,5
Bihar,Muzaffarpur,Dexit Global Limited - Muzaffarpur,03-MAY-2026,10
Bihar,Muzaffarpur,Dexit Global Limited - Muzaffarpur,10-MAY-2026,10
Bihar,Muzaffarpur,Dexit Global Limited - Muzaffarpur,29-APR-2026,10
Bihar,Muzaffarpur,Dexit Global Limited - Muzaffarpur,29-APR-2026,6
Bihar,Patna,Dexit Global Limited - Patna,04-MAY-2026,15
Bihar,Patna,Dexit Global Limited - Patna,05-MAY-2026,15
Bihar,Patna,Dexit Global Limited - Patna,06-MAY-2026,17
Bihar,Patna,Dexit Global Limited - Patna,07-MAY-2026,15
Bihar,Patna,Dexit Global Limited - Patna,09-MAY-2026,17
Bihar,Patna,Dexit Global Limited - Patna,10-MAY-2026,37
Bihar,Patna,Dexit Global Limited - Patna,27-APR-2026,14
Bihar,Patna,Dexit Global Limited - Patna,27-APR-2026,19
Bihar,Patna,Dexit Global Limited - Patna,27-APR-2026,20
Bihar,Patna,Dexit Global Limited - Patna,29-APR-2026,11
Bihar,Patna,Dexit Global Limited - Patna,29-APR-2026,3
Bihar,Purnea,Dexit Global Limited - Purnea,03-MAY-2026,5
Bihar,Purnea,Dexit Global Limited - Purnea,10-MAY-2026,5
Bihar,Purnea,Dexit Global Limited - Purnea,29-APR-2026,4
Bihar,Purnea,Dexit Global Limited - Purnea,29-APR-2026,5
Chhattisgarh,Bilaspur,Dexit Global Limited - Bilaspur,10-MAY-2026,6
Chhattisgarh,Raipur,Dexit Global Limited - Raipur,04-MAY-2026,10
Chhattisgarh,Raipur,Dexit Global Limited - Raipur,04-MAY-2026,7
Chhattisgarh,Raipur,Dexit Global Limited - Raipur,05-MAY-2026,10
Chhattisgarh,Raipur,Dexit Global Limited - Raipur,06-MAY-2026,10
Chhattisgarh,Raipur,Dexit Global Limited - Raipur,07-MAY-2026,10
Chhattisgarh,Raipur,Dexit Global Limited - Raipur,07-MAY-2026,9
Chhattisgarh,Raipur,Dexit Global Limited - Raipur,09-MAY-2026,8
Chhattisgarh,Raipur,Dexit Global Limited - Raipur,09-MAY-2026,9
Delhi,Delhi New Delhi,Dexit Global Limited - Delhi New Delhi,04-MAY-2026,1
Delhi,Delhi New Delhi,Dexit Global Limited - Delhi New Delhi,04-MAY-2026,14
Delhi,Delhi New Delhi,Dexit Global Limited - Delhi New Delhi,05-MAY-2026,25
Delhi,Delhi New Delhi,Dexit Global Limited - Delhi New Delhi,05-MAY-2026,26
Delhi,Delhi New Delhi,Dexit Global Limited - Delhi New Delhi,06-MAY-2026,37
Delhi,Delhi New Delhi,Dexit Global Limited - Delhi New Delhi,06-MAY-2026,39
Delhi,Delhi New Delhi,Dexit Global Limited - Delhi New Delhi,07-MAY-2026,28
Delhi,Delhi New Delhi,Dexit Global Limited - Delhi New Delhi,07-MAY-2026,29
Delhi,Delhi New Delhi,Dexit Global Limited - Delhi New Delhi,09-MAY-2026,13
Delhi,Delhi New Delhi,Dexit Global Limited - Delhi New Delhi,09-MAY-2026,20
Delhi,Delhi New Delhi,Dexit Global Limited - Delhi New Delhi,10-MAY-2026,11
Delhi Ncr,Faridabad,Dexit Global Limited - Faridabad,04-MAY-2026,3
Delhi Ncr,Faridabad,Dexit Global Limited - Faridabad,04-MAY-2026,5
Delhi Ncr,Faridabad,Dexit Global Limited - Faridabad,05-MAY-2026,2
Delhi Ncr,Faridabad,Dexit Global Limited - Faridabad,05-MAY-2026,5
Delhi Ncr,Faridabad,Dexit Global Limited - Faridabad,06-MAY-2026,5
Delhi Ncr,Faridabad,Dexit Global Limited - Faridabad,07-MAY-2026,5
Delhi Ncr,Faridabad,Dexit Global Limited - Faridabad,09-MAY-2026,2
Delhi Ncr,Faridabad,Dexit Global Limited - Faridabad,09-MAY-2026,3
Delhi Ncr,Faridabad,Dexit Global Limited - Faridabad,10-MAY-2026,3
Delhi Ncr,Faridabad,Dexit Global Limited - Faridabad,10-MAY-2026,4
Delhi Ncr,Ghaziabad,Dexit Global Limited - Ghaziabad,05-MAY-2026,5
Delhi Ncr,Ghaziabad,Dexit Global Limited - Ghaziabad,06-MAY-2026,6
Delhi Ncr,Ghaziabad,Dexit Global Limited - Ghaziabad,07-MAY-2026,6
Delhi Ncr,Ghaziabad,Dexit Global Limited - Ghaziabad,09-MAY-2026,3
Delhi Ncr,Ghaziabad,Dexit Global Limited - Ghaziabad,10-MAY-2026,3
Delhi Ncr,Gurugram,Dexit Global Limited - Gurugram,05-MAY-2026,7
Delhi Ncr,Gurugram,Dexit Global Limited - Gurugram,06-MAY-2026,3
Delhi Ncr,Gurugram,Dexit Global Limited - Gurugram,06-MAY-2026,7
Delhi Ncr,Gurugram,Dexit Global Limited - Gurugram,07-MAY-2026,5
Delhi Ncr,Gurugram,Dexit Global Limited - Gurugram,07-MAY-2026,7
Delhi Ncr,Noida,Dexit Global Limited - Noida,02-MAY-2026,19
Delhi Ncr,Noida,Dexit Global Limited - Noida,02-MAY-2026,21
Delhi Ncr,Noida,Dexit Global Limited - Noida,04-MAY-2026,23
Delhi Ncr,Noida,Dexit Global Limited - Noida,04-MAY-2026,28
Delhi Ncr,Noida,Dexit Global Limited - Noida,05-MAY-2026,29
Delhi Ncr,Noida,Dexit Global Limited - Noida,05-MAY-2026,30
Delhi Ncr,Noida,Dexit Global Limited - Noida,06-MAY-2026,30
Delhi Ncr,Noida,Dexit Global Limited - Noida,07-MAY-2026,29
Delhi Ncr,Noida,Dexit Global Limited - Noida,07-MAY-2026,30
Delhi Ncr,Noida,Dexit Global Limited - Noida,09-MAY-2026,25
Delhi Ncr,Noida,Dexit Global Limited - Noida,09-MAY-2026,30
Delhi Ncr,Noida,Dexit Global Limited - Noida,10-MAY-2026,22
Delhi Ncr,Noida,Dexit Global Limited - Noida,10-MAY-2026,40
Goa,Panjim,Dexit Global Limited - Panjim,10-MAY-2026,3
Gujarat,Ankleshwar,Dexit Global Limited - Ankleshwar,03-MAY-2026,5
Gujarat,Ankleshwar,Dexit Global Limited - Ankleshwar,10-MAY-2026,6
Gujarat,Gandhidham,Dexit Global Limited - Gandhidham,10-MAY-2026,2
Gujarat,Jamnagar,Dexit Global Limited - Jamnagar,10-MAY-2026,3
Gujarat,Junagadh,Dexit Global Limited - Junagadh,03-MAY-2026,6
Gujarat,Junagadh,Dexit Global Limited - Junagadh,10-MAY-2026,7
Gujarat,Junagadh,Dexit Global Limited - Junagadh,29-APR-2026,3
Gujarat,Palanpur,Dexit Global Limited - Palanpur,27-APR-2026,6
Gujarat,Palanpur,Dexit Global Limited - Palanpur,27-APR-2026,9
Gujarat,Palanpur,Dexit Global Limited - Palanpur,29-APR-2026,6
Gujarat,Palanpur,Dexit Global Limited - Palanpur,29-APR-2026,7
Gujarat,Rajkot,Dexit Global Limited - Rajkot,03-MAY-2026,11
Gujarat,Rajkot,Dexit Global Limited - Rajkot,03-MAY-2026,13
Gujarat,Rajkot,Dexit Global Limited - Rajkot,04-MAY-2026,10
Gujarat,Rajkot,Dexit Global Limited - Rajkot,05-MAY-2026,3
Gujarat,Rajkot,Dexit Global Limited - Rajkot,05-MAY-2026,4
Gujarat,Rajkot,Dexit Global Limited - Rajkot,06-MAY-2026,10
Gujarat,Rajkot,Dexit Global Limited - Rajkot,07-MAY-2026,10
Gujarat,Rajkot,Dexit Global Limited - Rajkot,09-MAY-2026,6
Gujarat,Rajkot,Dexit Global Limited - Rajkot,09-MAY-2026,9
Gujarat,Rajkot,Dexit Global Limited - Rajkot,10-MAY-2026,13
Gujarat,Rajkot,Dexit Global Limited - Rajkot,10-MAY-2026,14
Gujarat,Surendranagar,Dexit Global Limited - Surendranagar,03-MAY-2026,4
Gujarat,Surendranagar,Dexit Global Limited - Surendranagar,10-MAY-2026,5
Gujarat,Surendranagar,Dexit Global Limited - Surendranagar,28-APR-2026,5
Gujarat,Surendranagar,Dexit Global Limited - Surendranagar,29-APR-2026,5
Gujarat,Vadodara,Dexit Global Limited - Vadodara,04-MAY-2026,9
Gujarat,Vadodara,Dexit Global Limited - Vadodara,05-MAY-2026,9
Gujarat,Vadodara,Dexit Global Limited - Vadodara,06-MAY-2026,9
Gujarat,Vadodara,Dexit Global Limited - Vadodara,07-MAY-2026,10
Gujarat,Vadodara,Dexit Global Limited - Vadodara,09-MAY-2026,6
Gujarat,Vadodara,Dexit Global Limited - Vadodara,10-MAY-2026,9
Gujarat,Valsad,Dexit Global Limited - Valsad,03-MAY-2026,5
Gujarat,Valsad,Dexit Global Limited - Valsad,10-MAY-2026,5
Haryana,Hisar,Dexit Global Limited - Hisar,03-MAY-2026,3
Haryana,Hisar,Dexit Global Limited - Hisar,10-MAY-2026,5
Haryana,Jind,Dexit Global Limited - Jind,03-MAY-2026,7
Haryana,Jind,Dexit Global Limited - Jind,10-MAY-2026,8
Haryana,Jind,Dexit Global Limited - Jind,29-APR-2026,2
Haryana,Jind,Dexit Global Limited - Jind,29-APR-2026,5
Haryana,Jind,Dexit Global Limited - Jind,30-APR-2026,2
Haryana,Jind,Dexit Global Limited - Jind,30-APR-2026,5
Haryana,Karnal,Dexit Global Limited - Karnal,03-MAY-2026,16
Haryana,Karnal,Dexit Global Limited - Karnal,10-MAY-2026,15
Haryana,Karnal,Dexit Global Limited - Karnal,27-APR-2026,3
Haryana,Karnal,Dexit Global Limited - Karnal,27-APR-2026,7
Haryana,Karnal,Dexit Global Limited - Karnal,29-APR-2026,14
Haryana,Karnal,Dexit Global Limited - Karnal,29-APR-2026,4
Haryana,Rewari,Dexit Global Limited - Rewari,10-MAY-2026,5
Haryana,Rohtak,Dexit Global Limited - Rohtak,03-MAY-2026,15
Haryana,Rohtak,Dexit Global Limited - Rohtak,10-MAY-2026,14
Haryana,Rohtak,Dexit Global Limited - Rohtak,29-APR-2026,7
Haryana,Sirsa,Dexit Global Limited - Sirsa,03-MAY-2026,7
Haryana,Sirsa,Dexit Global Limited - Sirsa,10-MAY-2026,7
Haryana,Sirsa,Dexit Global Limited - Sirsa,27-APR-2026,4
Haryana,Sirsa,Dexit Global Limited - Sirsa,27-APR-2026,7
Haryana,Sirsa,Dexit Global Limited - Sirsa,29-APR-2026,4
Haryana,Sirsa,Dexit Global Limited - Sirsa,29-APR-2026,6
Haryana,Yamunanagar,Dexit Global Limited - Yamunanagar,03-MAY-2026,7
Haryana,Yamunanagar,Dexit Global Limited - Yamunanagar,10-MAY-2026,8
Haryana,Yamunanagar,Dexit Global Limited - Yamunanagar,27-APR-2026,2
Haryana,Yamunanagar,Dexit Global Limited - Yamunanagar,27-APR-2026,5
Haryana,Yamunanagar,Dexit Global Limited - Yamunanagar,29-APR-2026,2
Haryana,Yamunanagar,Dexit Global Limited - Yamunanagar,29-APR-2026,5
Himachal Pradesh,Shimla,Dexit Global Limited - Shimla,03-MAY-2026,8
Himachal Pradesh,Shimla,Dexit Global Limited - Shimla,10-MAY-2026,8
Himachal Pradesh,Shimla,Dexit Global Limited - Shimla,27-APR-2026,6
Himachal Pradesh,Shimla,Dexit Global Limited - Shimla,27-APR-2026,8
Himachal Pradesh,Shimla,Dexit Global Limited - Shimla,29-APR-2026,7
Himachal Pradesh,Shimla,Dexit Global Limited - Shimla,29-APR-2026,8
Jammu And Kashmir,Jammu,Dexit Global Limited - Jammu,03-MAY-2026,9
Jammu And Kashmir,Jammu,Dexit Global Limited - Jammu,10-MAY-2026,9
Jammu And Kashmir,Jammu,Dexit Global Limited - Jammu,27-APR-2026,1
Jammu And Kashmir,Jammu,Dexit Global Limited - Jammu,27-APR-2026,4
Jammu And Kashmir,Jammu,Dexit Global Limited - Jammu,29-APR-2026,7
Jammu And Kashmir,Srinagar,Dexit Global Limited - Srinagar,10-MAY-2026,10
Jammu And Kashmir,Srinagar,Dexit Global Limited - Srinagar,27-APR-2026,4
Jammu And Kashmir,Srinagar,Dexit Global Limited - Srinagar,27-APR-2026,5
Jammu And Kashmir,Srinagar,Dexit Global Limited - Srinagar,29-APR-2026,4
Jharkhand,Bokaro Steel City,Dexit Global Limited - Bokaro Steel City,06-MAY-2026,4
Jharkhand,Deoghar,Dexit Global Limited - Deoghar,03-MAY-2026,5
Jharkhand,Deoghar,Dexit Global Limited - Deoghar,10-MAY-2026,5
Jharkhand,Dhanbad,Dexit Global Limited - Dhanbad,06-MAY-2026,3
Jharkhand,Hazaribagh,Dexit Global Limited - Hazaribagh,03-MAY-2026,12
Jharkhand,Hazaribagh,Dexit Global Limited - Hazaribagh,10-MAY-2026,12
Jharkhand,Hazaribagh,Dexit Global Limited - Hazaribagh,29-APR-2026,4
Jharkhand,Jamshedpur,Dexit Global Limited - Jamshedpur,09-MAY-2026,7
Jharkhand,Jamshedpur,Dexit Global Limited - Jamshedpur,10-MAY-2026,1
Jharkhand,Ranchi,Dexit Global Limited - Ranchi,09-MAY-2026,4
Jharkhand,Ranchi,Dexit Global Limited - Ranchi,10-MAY-2026,14
Karnataka,Bagalkot,Dexit Global Limited - Bagalkot,03-MAY-2026,3
Karnataka,Bagalkot,Dexit Global Limited - Bagalkot,10-MAY-2026,5
Karnataka,Bellary,Dexit Global Limited - Bellary,10-MAY-2026,7
Karnataka,Chikkaballapur,Dexit Global Limited - Chikkaballapur,10-MAY-2026,1
Karnataka,Davangere,Dexit Global Limited - Davangere,10-MAY-2026,4
Karnataka,Gulbarga,Dexit Global Limited - Gulbarga,10-MAY-2026,7
Karnataka,Hassan,Dexit Global Limited - Hassan,10-MAY-2026,4
Karnataka,Hubli,Dexit Global Limited - Hubli,10-MAY-2026,6
Karnataka,Raichur,Dexit Global Limited - Raichur,10-MAY-2026,4
Karnataka,Shimoga,DEXIT GLOBAL LIMITED - SHIMOGA - 1,10-MAY-2026,1
Karnataka,Vijayapura,Dexit Global Limited - Vijayapura,03-MAY-2026,4
Karnataka,Vijayapura,Dexit Global Limited - Vijayapura,10-MAY-2026,4
Kerala,Kattappana,Dexit Global Limited - Kattappana,03-MAY-2026,2
Kerala,Kattappana,Dexit Global Limited - Kattappana,10-MAY-2026,1
Kerala,Kollam,Dexit Global Limited - Kollam,03-MAY-2026,8
Kerala,Kollam,Dexit Global Limited - Kollam,10-MAY-2026,7
Kerala,Kottayam,Dexit Global Limited - Kottayam,09-MAY-2026,6
Kerala,Kottayam,Dexit Global Limited - Kottayam,10-MAY-2026,5
Kerala,Pathanamthitta,Dexit Global Limited - Pathanamthitta,03-MAY-2026,1
Kerala,Pathanamthitta,Dexit Global Limited - Pathanamthitta,10-MAY-2026,3
Kerala,Thiruvananthapuram,Dexit Global Limited - Thiruvananthapuram,03-MAY-2026,7
Kerala,Thiruvananthapuram,Dexit Global Limited - Thiruvananthapuram,10-MAY-2026,11
Kerala,Thrissur,Dexit Global Limited - Thrissur,03-MAY-2026,13
Kerala,Thrissur,Dexit Global Limited - Thrissur,03-MAY-2026,5
Kerala,Thrissur,Dexit Global Limited - Thrissur,04-MAY-2026,5
Kerala,Thrissur,Dexit Global Limited - Thrissur,05-MAY-2026,4
Kerala,Thrissur,Dexit Global Limited - Thrissur,06-MAY-2026,2
Kerala,Thrissur,Dexit Global Limited - Thrissur,06-MAY-2026,3
Kerala,Thrissur,Dexit Global Limited - Thrissur,07-MAY-2026,4
Kerala,Thrissur,Dexit Global Limited - Thrissur,07-MAY-2026,5
Kerala,Thrissur,Dexit Global Limited - Thrissur,09-MAY-2026,3
Kerala,Thrissur,Dexit Global Limited - Thrissur,09-MAY-2026,5
Kerala,Thrissur,Dexit Global Limited - Thrissur,10-MAY-2026,11
Kerala,Thrissur,Dexit Global Limited - Thrissur,10-MAY-2026,5
Madhya Pradesh,Bhopal,Dexit Global Limited - Bhopal,04-MAY-2026,9
Madhya Pradesh,Bhopal,Dexit Global Limited - Bhopal,05-MAY-2026,6
Madhya Pradesh,Bhopal,Dexit Global Limited - Bhopal,06-MAY-2026,10
Madhya Pradesh,Bhopal,Dexit Global Limited - Bhopal,07-MAY-2026,10
Madhya Pradesh,Bhopal,Dexit Global Limited - Bhopal,09-MAY-2026,10
Madhya Pradesh,Bhopal,Dexit Global Limited - Bhopal,10-MAY-2026,19
Madhya Pradesh,Bhopal,Dexit Global Limited - Bhopal,27-APR-2026,16
Madhya Pradesh,Bhopal,Dexit Global Limited - Bhopal,27-APR-2026,6
Madhya Pradesh,Bhopal,Dexit Global Limited - Bhopal,28-APR-2026,4
Madhya Pradesh,Bhopal,Dexit Global Limited - Bhopal,28-APR-2026,8
Madhya Pradesh,Bhopal,Dexit Global Limited - Bhopal,29-APR-2026,10
Madhya Pradesh,Bhopal,Dexit Global Limited - Bhopal,29-APR-2026,17
Madhya Pradesh,Bhopal,Dexit Global Limited - Bhopal,30-APR-2026,3
Madhya Pradesh,Gwalior,Dexit Global Limited - Gwalior,03-MAY-2026,11
Madhya Pradesh,Gwalior,Dexit Global Limited - Gwalior,10-MAY-2026,11
Madhya Pradesh,Gwalior,Dexit Global Limited - Gwalior,30-APR-2026,10
Madhya Pradesh,Gwalior,Dexit Global Limited - Gwalior,30-APR-2026,3
Madhya Pradesh,Indore,Dexit Global Limited - Indore,05-MAY-2026,4
Madhya Pradesh,Indore,Dexit Global Limited - Indore,05-MAY-2026,7
Madhya Pradesh,Indore,Dexit Global Limited - Indore,06-MAY-2026,22
Madhya Pradesh,Indore,Dexit Global Limited - Indore,06-MAY-2026,24
Madhya Pradesh,Indore,Dexit Global Limited - Indore,07-MAY-2026,10
Madhya Pradesh,Indore,Dexit Global Limited - Indore,07-MAY-2026,7
Madhya Pradesh,Indore,Dexit Global Limited - Indore,09-MAY-2026,18
Madhya Pradesh,Indore,Dexit Global Limited - Indore,09-MAY-2026,23
Madhya Pradesh,Jabalpur,Dexit Global Limited - Jabalpur,03-MAY-2026,17
Madhya Pradesh,Jabalpur,Dexit Global Limited - Jabalpur,10-MAY-2026,17
Madhya Pradesh,Jabalpur,Dexit Global Limited - Jabalpur,29-APR-2026,1
Madhya Pradesh,Jabalpur,Dexit Global Limited - Jabalpur,29-APR-2026,6
Madhya Pradesh,Khandwa,Dexit Global Limited - Khandwa,03-MAY-2026,5
Madhya Pradesh,Khandwa,Dexit Global Limited - Khandwa,10-MAY-2026,5
Madhya Pradesh,Khandwa,Dexit Global Limited - Khandwa,30-APR-2026,1
Madhya Pradesh,Khandwa,Dexit Global Limited - Khandwa,30-APR-2026,3
Madhya Pradesh,Mandsaur,Dexit Global Limited - Mandsaur,03-MAY-2026,7
Madhya Pradesh,Mandsaur,Dexit Global Limited - Mandsaur,10-MAY-2026,7
Madhya Pradesh,Mandsaur,Dexit Global Limited - Mandsaur,29-APR-2026,5
Madhya Pradesh,Mandsaur,Dexit Global Limited - Mandsaur,30-APR-2026,2
Madhya Pradesh,Rewa,DEXIT GLOBAL LIMITED - REWA - 1,03-MAY-2026,8
Madhya Pradesh,Rewa,DEXIT GLOBAL LIMITED - REWA - 1,10-MAY-2026,8
Madhya Pradesh,Rewa,DEXIT GLOBAL LIMITED - REWA - 1,29-APR-2026,4
Madhya Pradesh,Rewa,DEXIT GLOBAL LIMITED - REWA - 1,29-APR-2026,7
Madhya Pradesh,Sagar,Dexit Global Limited - Sagar,03-MAY-2026,5
Madhya Pradesh,Sagar,Dexit Global Limited - Sagar,10-MAY-2026,5
Madhya Pradesh,Sagar,Dexit Global Limited - Sagar,29-APR-2026,4
Madhya Pradesh,Sagar,Dexit Global Limited - Sagar,29-APR-2026,5
Madhya Pradesh,Sagar,Dexit Global Limited - Sagar,30-APR-2026,5
Madhya Pradesh,Satna,Dexit Global Limited - Satna,03-MAY-2026,5
Madhya Pradesh,Satna,Dexit Global Limited - Satna,10-MAY-2026,5
Madhya Pradesh,Satna,Dexit Global Limited - Satna,30-APR-2026,5
Maharashtra,Ahmednagar,Dexit Global Limited - Ahmednagar,03-MAY-2026,7
Maharashtra,Ahmednagar,Dexit Global Limited - Ahmednagar,10-MAY-2026,8
Maharashtra,Ahmednagar,Dexit Global Limited - Ahmednagar,30-APR-2026,2
Maharashtra,Akola,Dexit Global Limited - Akola,03-MAY-2026,2
Maharashtra,Akola,Dexit Global Limited - Akola,10-MAY-2026,6
Maharashtra,Amaravati,Dexit Global Limited - Amaravati,03-MAY-2026,1
Maharashtra,Aurangabad,Dexit Global Limited - Aurangabad,04-MAY-2026,15
Maharashtra,Aurangabad,Dexit Global Limited - Aurangabad,05-MAY-2026,15
Maharashtra,Aurangabad,Dexit Global Limited - Aurangabad,06-MAY-2026,15
Maharashtra,Aurangabad,Dexit Global Limited - Aurangabad,07-MAY-2026,14
Maharashtra,Aurangabad,Dexit Global Limited - Aurangabad,09-MAY-2026,12
Maharashtra,Aurangabad,Dexit Global Limited - Aurangabad,27-APR-2026,10
Maharashtra,Aurangabad,Dexit Global Limited - Aurangabad,27-APR-2026,12
Maharashtra,Aurangabad,Dexit Global Limited - Aurangabad,28-APR-2026,15
Maharashtra,Aurangabad,Dexit Global Limited - Aurangabad,28-APR-2026,9
Maharashtra,Aurangabad,Dexit Global Limited - Aurangabad,29-APR-2026,11
Maharashtra,Aurangabad,Dexit Global Limited - Aurangabad,29-APR-2026,13
Maharashtra,Aurangabad,Dexit Global Limited - Aurangabad,29-APR-2026,14
Maharashtra,Aurangabad,Dexit Global Limited - Aurangabad,30-APR-2026,11
Maharashtra,Beed,Dexit Global Limited - Beed,03-MAY-2026,5
Maharashtra,Beed,Dexit Global Limited - Beed,10-MAY-2026,5
Maharashtra,Beed,Dexit Global Limited - Beed,28-APR-2026,4
Maharashtra,Beed,Dexit Global Limited - Beed,28-APR-2026,5
Maharashtra,Beed,Dexit Global Limited - Beed,29-APR-2026,5
Maharashtra,Belapur Navi Mumbai,Dexit Global Limited - Belapur Navi Mumbai,04-MAY-2026,12
Maharashtra,Belapur Navi Mumbai,Dexit Global Limited - Belapur Navi Mumbai,05-MAY-2026,14
Maharashtra,Belapur Navi Mumbai,Dexit Global Limited - Belapur Navi Mumbai,06-MAY-2026,13
Maharashtra,Belapur Navi Mumbai,Dexit Global Limited - Belapur Navi Mumbai,07-MAY-2026,13
Maharashtra,Belapur Navi Mumbai,Dexit Global Limited - Belapur Navi Mumbai,09-MAY-2026,1
Maharashtra,Chandrapur,Dexit Global Limited - Chandrapur,03-MAY-2026,5
Maharashtra,Chandrapur,Dexit Global Limited - Chandrapur,10-MAY-2026,5
Maharashtra,Chandrapur,Dexit Global Limited - Chandrapur,29-APR-2026,4
Maharashtra,Chandrapur,Dexit Global Limited - Chandrapur,29-APR-2026,5
Maharashtra,Chandrapur,Dexit Global Limited - Chandrapur,30-APR-2026,3
Maharashtra,Chandrapur,Dexit Global Limited - Chandrapur,30-APR-2026,5
Maharashtra,Dhule,Dexit Global Limited - Dhule,03-MAY-2026,9
Maharashtra,Dhule,Dexit Global Limited - Dhule,10-MAY-2026,10
Maharashtra,Dhule,Dexit Global Limited - Dhule,29-APR-2026,7
Maharashtra,Jalgaon,Dexit Global Limited - Jalgaon,03-MAY-2026,6
Maharashtra,Jalgaon,Dexit Global Limited - Jalgaon,10-MAY-2026,5
Maharashtra,Jalgaon,Dexit Global Limited - Jalgaon,30-APR-2026,4
Maharashtra,Kolhapur,Dexit Global Limited - Kolhapur,03-MAY-2026,4
Maharashtra,Kolhapur,Dexit Global Limited - Kolhapur,10-MAY-2026,8
Maharashtra,Latur,Dexit Global Limited - Latur,03-MAY-2026,6
Maharashtra,Latur,Dexit Global Limited - Latur,10-MAY-2026,5
Maharashtra,Latur,Dexit Global Limited - Latur,28-APR-2026,3
Maharashtra,Latur,Dexit Global Limited - Latur,28-APR-2026,5
Maharashtra,Latur,Dexit Global Limited - Latur,29-APR-2026,5
Maharashtra,Mumbai,Dexit Global Limited - Mumbai,04-MAY-2026,12
Maharashtra,Mumbai,Dexit Global Limited - Mumbai,04-MAY-2026,31
Maharashtra,Mumbai,Dexit Global Limited - Mumbai,05-MAY-2026,15
Maharashtra,Mumbai,Dexit Global Limited - Mumbai,05-MAY-2026,16
Maharashtra,Mumbai,Dexit Global Limited - Mumbai,06-MAY-2026,51
Maharashtra,Mumbai,Dexit Global Limited - Mumbai,06-MAY-2026,53
Maharashtra,Mumbai,Dexit Global Limited - Mumbai,07-MAY-2026,18
Maharashtra,Mumbai,Dexit Global Limited - Mumbai,07-MAY-2026,21
Maharashtra,Nagpur,Dexit Global Limited - Nagpur,04-MAY-2026,1
Maharashtra,Nagpur,Dexit Global Limited - Nagpur,04-MAY-2026,2
Maharashtra,Nagpur,Dexit Global Limited - Nagpur,05-MAY-2026,2
Maharashtra,Nagpur,Dexit Global Limited - Nagpur,05-MAY-2026,5
Maharashtra,Nagpur,Dexit Global Limited - Nagpur,06-MAY-2026,4
Maharashtra,Nagpur,Dexit Global Limited - Nagpur,07-MAY-2026,5
Maharashtra,Nagpur,Dexit Global Limited - Nagpur,09-MAY-2026,13
Maharashtra,Nagpur,SHRI SAI COLLEGE,30-APR-2026,25
Maharashtra,Nanded,Dexit Global Limited - Nanded,03-MAY-2026,6
Maharashtra,Nanded,Dexit Global Limited - Nanded,10-MAY-2026,5
Maharashtra,Nanded,Dexit Global Limited - Nanded,30-APR-2026,3
Maharashtra,Nashik,Dexit Global Limited - Nashik,04-MAY-2026,10
Maharashtra,Nashik,Dexit Global Limited - Nashik,04-MAY-2026,9
Maharashtra,Nashik,Dexit Global Limited - Nashik,05-MAY-2026,3
Maharashtra,Nashik,Dexit Global Limited - Nashik,05-MAY-2026,5
Maharashtra,Nashik,Dexit Global Limited - Nashik,06-MAY-2026,12
Maharashtra,Nashik,Dexit Global Limited - Nashik,07-MAY-2026,12
Maharashtra,Nashik,Dexit Global Limited - Nashik,09-MAY-2026,4
Maharashtra,Nashik,Dexit Global Limited - Nashik,09-MAY-2026,9
Maharashtra,Parbhani,Dexit Global Limited - Parbhani,03-MAY-2026,4
Maharashtra,Parbhani,Dexit Global Limited - Parbhani,10-MAY-2026,4
Maharashtra,Parbhani,Dexit Global Limited - Parbhani,28-APR-2026,2
Maharashtra,Parbhani,Dexit Global Limited - Parbhani,28-APR-2026,4
Maharashtra,Parbhani,Dexit Global Limited - Parbhani,29-APR-2026,4
Maharashtra,Pimpri Chinchwad,Dexit Global Limited - Pimpri Chinchwad,06-MAY-2026,6
Maharashtra,Ratnagiri,Dexit Global Limited - Ratnagiri,03-MAY-2026,5
Maharashtra,Ratnagiri,Dexit Global Limited - Ratnagiri,10-MAY-2026,2
Maharashtra,Ratnagiri,Dexit Global Limited - Ratnagiri,27-APR-2026,3
Maharashtra,Ratnagiri,Dexit Global Limited - Ratnagiri,27-APR-2026,4
Maharashtra,Ratnagiri,Dexit Global Limited - Ratnagiri,29-APR-2026,2
Maharashtra,Ratnagiri,Dexit Global Limited - Ratnagiri,29-APR-2026,5
Maharashtra,Satara,Dexit Global Limited - Satara,03-MAY-2026,8
Maharashtra,Satara,Dexit Global Limited - Satara,10-MAY-2026,7
Maharashtra,Satara,Dexit Global Limited - Satara,27-APR-2026,1
Maharashtra,Satara,Dexit Global Limited - Satara,27-APR-2026,8
Maharashtra,Satara,Dexit Global Limited - Satara,29-APR-2026,1
Maharashtra,Satara,Dexit Global Limited - Satara,29-APR-2026,6
Maharashtra,Solapur,Dexit Global Limited - Solapur,03-MAY-2026,8
Maharashtra,Solapur,Dexit Global Limited - Solapur,10-MAY-2026,8
Maharashtra,Solapur,Dexit Global Limited - Solapur,30-APR-2026,4
Maharashtra,Virar,Dexit Global Limited - Virar,02-MAY-2026,20
Maharashtra,Virar,Dexit Global Limited - Virar,02-MAY-2026,22
Maharashtra,Virar,Dexit Global Limited - Virar,04-MAY-2026,22
Maharashtra,Virar,Dexit Global Limited - Virar,04-MAY-2026,23
Maharashtra,Virar,Dexit Global Limited - Virar,05-MAY-2026,18
Maharashtra,Virar,Dexit Global Limited - Virar,05-MAY-2026,19
Maharashtra,Virar,Dexit Global Limited - Virar,06-MAY-2026,24
Maharashtra,Virar,Dexit Global Limited - Virar,07-MAY-2026,24
Maharashtra,Virar,Dexit Global Limited - Virar,09-MAY-2026,15
Maharashtra,Virar,Dexit Global Limited - Virar,09-MAY-2026,24
Maharashtra,Virar,Dexit Global Limited - Virar,27-APR-2026,3
Manipur,Imphal,Dexit Global Limited - Imphal,03-MAY-2026,4
Manipur,Imphal,Dexit Global Limited - Imphal,10-MAY-2026,4
Meghalaya,Shillong,Dexit Global Limited - Shillong,10-MAY-2026,5
Nagaland,Dimapur,Dexit Global Limited - Dimapur,10-MAY-2026,5
Odisha,Balangir,Dexit Global Limited - Balangir,03-MAY-2026,8
Odisha,Balangir,Dexit Global Limited - Balangir,10-MAY-2026,8
Odisha,Berhmapur,Dexit Global Limited - Berhmapur,10-MAY-2026,10
Odisha,Bhubaneshwar,Dexit Global Limited - Bhubaneshwar,10-MAY-2026,29
Odisha,Bhubaneshwar,Dexit Global Limited - Bhubaneshwar,29-APR-2026,1
Odisha,Bhubaneshwar,Dexit Global Limited - Bhubaneshwar,29-APR-2026,5
Odisha,Rourkela,Dexit Global Limited - Rourkela,03-MAY-2026,10
Odisha,Rourkela,Dexit Global Limited - Rourkela,10-MAY-2026,10
Odisha,Rourkela,Dexit Global Limited - Rourkela,29-APR-2026,1
Odisha,Sambalpur,Dexit Global Limited - Sambalpur,10-MAY-2026,3
Pondicherry,Puducherry,Dexit Global Limited - Puducherry,03-MAY-2026,4
Pondicherry,Puducherry,Dexit Global Limited - Puducherry,10-MAY-2026,6
Punjab,Amritsar,Dexit Global Limited - Amritsar,03-MAY-2026,7
Punjab,Amritsar,Dexit Global Limited - Amritsar,10-MAY-2026,5
Punjab,Amritsar,Dexit Global Limited - Amritsar,27-APR-2026,3
Punjab,Bathinda,Dexit Global Limited - Bathinda,03-MAY-2026,8
Punjab,Bathinda,Dexit Global Limited - Bathinda,10-MAY-2026,8
Punjab,Chandigarh,Dexit Global Limited - Chandigarh,04-MAY-2026,3
Punjab,Chandigarh,Dexit Global Limited - Chandigarh,05-MAY-2026,12
Punjab,Chandigarh,Dexit Global Limited - Chandigarh,06-MAY-2026,12
Punjab,Chandigarh,Dexit Global Limited - Chandigarh,07-MAY-2026,10
Punjab,Chandigarh,Dexit Global Limited - Chandigarh,09-MAY-2026,12
Punjab,Chandigarh,Dexit Global Limited - Chandigarh,10-MAY-2026,15
Punjab,Chandigarh,Dexit Global Limited - Chandigarh,27-APR-2026,10
Punjab,Jalandhar,Dexit Global Limited - Jalandhar,03-MAY-2026,11
Punjab,Jalandhar,Dexit Global Limited - Jalandhar,10-MAY-2026,12
Punjab,Jalandhar,Dexit Global Limited - Jalandhar,27-APR-2026,6
Punjab,Ludhiana,Dexit Global Limited - Ludhiana,03-MAY-2026,11
Punjab,Ludhiana,Dexit Global Limited - Ludhiana,04-MAY-2026,4
Punjab,Ludhiana,Dexit Global Limited - Ludhiana,05-MAY-2026,5
Punjab,Ludhiana,Dexit Global Limited - Ludhiana,06-MAY-2026,5
Punjab,Ludhiana,Dexit Global Limited - Ludhiana,07-MAY-2026,5
Punjab,Ludhiana,Dexit Global Limited - Ludhiana,09-MAY-2026,5
Punjab,Ludhiana,Dexit Global Limited - Ludhiana,10-MAY-2026,11
Punjab,Ludhiana,Dexit Global Limited - Ludhiana,27-APR-2026,1
Punjab,Ludhiana,Dexit Global Limited - Ludhiana,28-APR-2026,4
Punjab,Ludhiana,Dexit Global Limited - Ludhiana,29-APR-2026,2
Punjab,Pathankot,Dexit Global Limited - Pathankot,03-MAY-2026,10
Punjab,Pathankot,Dexit Global Limited - Pathankot,10-MAY-2026,10
Punjab,Pathankot,Dexit Global Limited - Pathankot,27-APR-2026,5
Punjab,Pathankot,Dexit Global Limited - Pathankot,29-APR-2026,2
Punjab,Pathankot,Dexit Global Limited - Pathankot,29-APR-2026,5
Punjab,Patiala,DEXIT GLOBAL LIMITED - PATIALA - 1,03-MAY-2026,9
Punjab,Patiala,DEXIT GLOBAL LIMITED - PATIALA - 1,10-MAY-2026,9
Punjab,Patiala,DEXIT GLOBAL LIMITED - PATIALA - 1,27-APR-2026,3
Punjab,Patiala,DEXIT GLOBAL LIMITED - PATIALA - 1,29-APR-2026,3
Rajasthan,Ajmer,DEXIT GLOBAL LIMITED - AJMER - 1,03-MAY-2026,10
Rajasthan,Ajmer,DEXIT GLOBAL LIMITED - AJMER - 1,10-MAY-2026,10
Rajasthan,Ajmer,DEXIT GLOBAL LIMITED - AJMER - 1,27-APR-2026,9
Rajasthan,Ajmer,DEXIT GLOBAL LIMITED - AJMER - 1,29-APR-2026,6
Rajasthan,Alwar,Dexit Global Limited - Alwar,03-MAY-2026,8
Rajasthan,Alwar,Dexit Global Limited - Alwar,10-MAY-2026,8
Rajasthan,Alwar,Dexit Global Limited - Alwar,27-APR-2026,6
Rajasthan,Alwar,Dexit Global Limited - Alwar,27-APR-2026,8
Rajasthan,Alwar,Dexit Global Limited - Alwar,28-APR-2026,6
Rajasthan,Banswara,Dexit Global Limited - Banswara,03-MAY-2026,6
Rajasthan,Banswara,Dexit Global Limited - Banswara,10-MAY-2026,6
Rajasthan,Banswara,Dexit Global Limited - Banswara,28-APR-2026,6
Rajasthan,Banswara,Dexit Global Limited - Banswara,29-APR-2026,6
Rajasthan,Bharatpur,Dexit Global Limited - Bharatpur,03-MAY-2026,5
Rajasthan,Bharatpur,Dexit Global Limited - Bharatpur,10-MAY-2026,5
Rajasthan,Bharatpur,Dexit Global Limited - Bharatpur,27-APR-2026,4
Rajasthan,Bharatpur,Dexit Global Limited - Bharatpur,30-APR-2026,5
Rajasthan,Bikaner,Dexit Global Limited - Bikaner,03-MAY-2026,7
Rajasthan,Bikaner,Dexit Global Limited - Bikaner,10-MAY-2026,6
Rajasthan,Chittorgarh,Dexit Global Limited - Chittorgarh,03-MAY-2026,6
Rajasthan,Chittorgarh,Dexit Global Limited - Chittorgarh,10-MAY-2026,6
Rajasthan,Chittorgarh,Dexit Global Limited - Chittorgarh,29-APR-2026,3
Rajasthan,Chittorgarh,Dexit Global Limited - Chittorgarh,29-APR-2026,5
Rajasthan,Chittorgarh,Dexit Global Limited - Chittorgarh,30-APR-2026,5
Rajasthan,Chittorgarh,Dexit Global Limited - Chittorgarh,30-APR-2026,6
Rajasthan,Jaipur,Dexit Global Limited - Jaipur,04-MAY-2026,5
Rajasthan,Jaipur,Dexit Global Limited - Jaipur,05-MAY-2026,13
Rajasthan,Jaipur,Dexit Global Limited - Jaipur,05-MAY-2026,14
Rajasthan,Jaipur,Dexit Global Limited - Jaipur,06-MAY-2026,22
Rajasthan,Jaipur,Dexit Global Limited - Jaipur,07-MAY-2026,14
Rajasthan,Jaipur,Dexit Global Limited - Jaipur,09-MAY-2026,22
Rajasthan,Jaipur,Dexit Global Limited - Jaipur,09-MAY-2026,23
Rajasthan,Jaipur,Dexit Global Limited - Jaipur,10-MAY-2026,19
Rajasthan,Jaipur,Dexit Global Limited - Jaipur,10-MAY-2026,24
Rajasthan,Jodhpur,Dexit Global Limited - Jodhpur,03-MAY-2026,13
Rajasthan,Jodhpur,Dexit Global Limited - Jodhpur,04-MAY-2026,6
Rajasthan,Jodhpur,Dexit Global Limited - Jodhpur,05-MAY-2026,5
Rajasthan,Jodhpur,Dexit Global Limited - Jodhpur,06-MAY-2026,6
Rajasthan,Jodhpur,Dexit Global Limited - Jodhpur,07-MAY-2026,6
Rajasthan,Jodhpur,Dexit Global Limited - Jodhpur,09-MAY-2026,6
Rajasthan,Jodhpur,Dexit Global Limited - Jodhpur,10-MAY-2026,13
Rajasthan,Jodhpur,Dexit Global Limited - Jodhpur,27-APR-2026,8
Rajasthan,Nagaur,Dexit Global Limited - Nagaur,03-MAY-2026,4
Rajasthan,Nagaur,Dexit Global Limited - Nagaur,10-MAY-2026,4
Rajasthan,Nagaur,Dexit Global Limited - Nagaur,28-APR-2026,2
Rajasthan,Nagaur,Dexit Global Limited - Nagaur,28-APR-2026,4
Rajasthan,Nagaur,Dexit Global Limited - Nagaur,29-APR-2026,4
Rajasthan,Nagaur,Dexit Global Limited - Nagaur,30-APR-2026,2
Rajasthan,Nagaur,Dexit Global Limited - Nagaur,30-APR-2026,4
Rajasthan,Sikar,Dexit Global Limited - Sikar,03-MAY-2026,8
Rajasthan,Sikar,Dexit Global Limited - Sikar,10-MAY-2026,8
Rajasthan,Sikar,Dexit Global Limited - Sikar,27-APR-2026,8
Rajasthan,Sikar,Dexit Global Limited - Sikar,29-APR-2026,3
Rajasthan,Sikar,Dexit Global Limited - Sikar,29-APR-2026,8
Rajasthan,Sriganganagar,Dexit Global Limited - Sriganganagar,03-MAY-2026,10
Rajasthan,Sriganganagar,Dexit Global Limited - Sriganganagar,10-MAY-2026,10
Rajasthan,Sriganganagar,Dexit Global Limited - Sriganganagar,27-APR-2026,10
Rajasthan,Sriganganagar,Dexit Global Limited - Sriganganagar,27-APR-2026,8
Rajasthan,Sriganganagar,Dexit Global Limited - Sriganganagar,29-APR-2026,10
Rajasthan,Sriganganagar,Dexit Global Limited - Sriganganagar,29-APR-2026,7
Rajasthan,Udaipur,Dexit Global Limited - Udaipur,04-MAY-2026,7
Rajasthan,Udaipur,Dexit Global Limited - Udaipur,05-MAY-2026,7
Rajasthan,Udaipur,Dexit Global Limited - Udaipur,06-MAY-2026,7
Rajasthan,Udaipur,Dexit Global Limited - Udaipur,07-MAY-2026,7
Rajasthan,Udaipur,Dexit Global Limited - Udaipur,09-MAY-2026,7
Rajasthan,Udaipur,Dexit Global Limited - Udaipur,10-MAY-2026,15
Rajasthan,Udaipur,Dexit Global Limited - Udaipur,27-APR-2026,4
Rajasthan,Udaipur,Dexit Global Limited - Udaipur,27-APR-2026,6
Rajasthan,Udaipur,Dexit Global Limited - Udaipur,27-APR-2026,7
Rajasthan,Udaipur,Dexit Global Limited - Udaipur,28-APR-2026,4
Rajasthan,Udaipur,Dexit Global Limited - Udaipur,28-APR-2026,5
Rajasthan,Udaipur,Dexit Global Limited - Udaipur,29-APR-2026,3
Rajasthan,Udaipur,Dexit Global Limited - Udaipur,29-APR-2026,7
Rajasthan,Udaipur,Dexit Global Limited - Udaipur,30-APR-2026,2
Rajasthan,Udaipur,Dexit Global Limited - Udaipur,30-APR-2026,5
Sikkim,Gangtok,Dexit Global Limited - Gangtok,03-MAY-2026,5
Sikkim,Gangtok,Dexit Global Limited - Gangtok,10-MAY-2026,5
Tamil Nadu,Chennai,DEXIT GLOBAL LIMITED - CHENNAI - 1,04-MAY-2026,17
Tamil Nadu,Chennai,DEXIT GLOBAL LIMITED - CHENNAI - 1,04-MAY-2026,6
Tamil Nadu,Chennai,DEXIT GLOBAL LIMITED - CHENNAI - 1,05-MAY-2026,25
Tamil Nadu,Chennai,DEXIT GLOBAL LIMITED - CHENNAI - 1,05-MAY-2026,26
Tamil Nadu,Chennai,DEXIT GLOBAL LIMITED - CHENNAI - 1,06-MAY-2026,26
Tamil Nadu,Chennai,DEXIT GLOBAL LIMITED - CHENNAI - 1,06-MAY-2026,30
Tamil Nadu,Chennai,DEXIT GLOBAL LIMITED - CHENNAI - 1,07-MAY-2026,15
Tamil Nadu,Chennai,DEXIT GLOBAL LIMITED - CHENNAI - 1,07-MAY-2026,21
Tamil Nadu,Coimbatore,Dexit Global Limited - Coimbatore,05-MAY-2026,7
Tamil Nadu,Coimbatore,Dexit Global Limited - Coimbatore,06-MAY-2026,7
Tamil Nadu,Coimbatore,Dexit Global Limited - Coimbatore,07-MAY-2026,9
Tamil Nadu,Coimbatore,Dexit Global Limited - Coimbatore,09-MAY-2026,4
Tamil Nadu,Coimbatore,Dexit Global Limited - Coimbatore,10-MAY-2026,10
Tamil Nadu,Madurai,Dexit Global Limited - Madurai,10-MAY-2026,9
Tamil Nadu,Salem,Dexit Global Limited - Salem,03-MAY-2026,6
Tamil Nadu,Salem,Dexit Global Limited - Salem,10-MAY-2026,7
Tamil Nadu,Thanjavur,Dexit Global Limited - Thanjavur,03-MAY-2026,5
Tamil Nadu,Thanjavur,Dexit Global Limited - Thanjavur,10-MAY-2026,7
Tamil Nadu,Tiruchirapalli,Dexit Global Limited - Tiruchirapalli,03-MAY-2026,12
Tamil Nadu,Tiruchirapalli,Dexit Global Limited - Tiruchirapalli,10-MAY-2026,13
Tamil Nadu,Tirunelvelli,Dexit Global Limited - Tirunelvelli,10-MAY-2026,14
Tamil Nadu,Tiruvannamalai,Dexit Global Limited - Tiruvannamalai,03-MAY-2026,10
Tamil Nadu,Tiruvannamalai,Dexit Global Limited - Tiruvannamalai,10-MAY-2026,10
Tamil Nadu,Vellore,Dexit Global Limited - Vellore,10-MAY-2026,8
Telangana,Adilabad,Dexit Global Limited - Adilabad,06-MAY-2026,5
Telangana,Adilabad,Dexit Global Limited - Adilabad,07-MAY-2026,5
Telangana,Hyderabad,Dexit Global Limited - Hyderabad,04-MAY-2026,1
Telangana,Hyderabad,NODE COP SOLUTIONS,30-APR-2026,45
Telangana,Karimnagar,Dexit Global Limited - Karimnagar,10-MAY-2026,12
Telangana,Karimnagar,Dexit Global Limited - Karimnagar,29-APR-2026,2
Telangana,Khammam,Dexit Global Limited - Khammam,10-MAY-2026,10
Telangana,Mahabubnagar,Dexit Global Limited - Mahabubnagar,10-MAY-2026,4
Telangana,Nalgonda,Dexit Global Limited - Nalgonda,10-MAY-2026,6
Telangana,Nizamabad,Dexit Global Limited - Nizamabad,10-MAY-2026,10
Telangana,Warangal,Dexit Global Limited - Warangal,10-MAY-2026,16
Tripura,Agartala,Dexit Global Limited - Agartala,03-MAY-2026,5
Tripura,Agartala,Dexit Global Limited - Agartala,10-MAY-2026,5
Uttar Pradesh,Agra,Dexit Global Limited - Agra,04-MAY-2026,10
Uttar Pradesh,Agra,Dexit Global Limited - Agra,05-MAY-2026,4
Uttar Pradesh,Agra,Dexit Global Limited - Agra,06-MAY-2026,14
Uttar Pradesh,Agra,Dexit Global Limited - Agra,07-MAY-2026,10
Uttar Pradesh,Agra,Dexit Global Limited - Agra,09-MAY-2026,10
Uttar Pradesh,Agra,Dexit Global Limited - Agra,10-MAY-2026,17
Uttar Pradesh,Agra,Dexit Global Limited - Agra,27-APR-2026,12
Uttar Pradesh,Agra,Dexit Global Limited - Agra,27-APR-2026,2
Uttar Pradesh,Agra,Dexit Global Limited - Agra,28-APR-2026,14
Uttar Pradesh,Agra,Dexit Global Limited - Agra,28-APR-2026,2
Uttar Pradesh,Agra,Dexit Global Limited - Agra,28-APR-2026,9
Uttar Pradesh,Agra,Dexit Global Limited - Agra,29-APR-2026,11
Uttar Pradesh,Aligarh,Dexit Global Limited - Aligarh,03-MAY-2026,13
Uttar Pradesh,Aligarh,Dexit Global Limited - Aligarh,10-MAY-2026,13
Uttar Pradesh,Aligarh,Dexit Global Limited - Aligarh,27-APR-2026,13
Uttar Pradesh,Aligarh,Dexit Global Limited - Aligarh,27-APR-2026,4
Uttar Pradesh,Aligarh,Dexit Global Limited - Aligarh,29-APR-2026,11
Uttar Pradesh,Aligarh,Dexit Global Limited - Aligarh,29-APR-2026,13
Uttar Pradesh,Bareilly,Dexit Global Limited - Bareilly,03-MAY-2026,17
Uttar Pradesh,Bareilly,Dexit Global Limited - Bareilly,10-MAY-2026,18
Uttar Pradesh,Bareilly,Dexit Global Limited - Bareilly,27-APR-2026,11
Uttar Pradesh,Bareilly,Dexit Global Limited - Bareilly,27-APR-2026,15
Uttar Pradesh,Bareilly,Dexit Global Limited - Bareilly,29-APR-2026,14
Uttar Pradesh,Bareilly,Dexit Global Limited - Bareilly,29-APR-2026,17
Uttar Pradesh,Gorakhpur,Dexit Global Limited - Gorakhpur,03-MAY-2026,15
Uttar Pradesh,Gorakhpur,Dexit Global Limited - Gorakhpur,10-MAY-2026,15
Uttar Pradesh,Gorakhpur,Dexit Global Limited - Gorakhpur,29-APR-2026,12
Uttar Pradesh,Gorakhpur,Dexit Global Limited - Gorakhpur,29-APR-2026,15
Uttar Pradesh,Gorakhpur,Dexit Global Limited - Gorakhpur,30-APR-2026,14
Uttar Pradesh,Gorakhpur,Dexit Global Limited - Gorakhpur,30-APR-2026,15
Uttar Pradesh,Jhansi,Dexit Global Limited - Jhansi,03-MAY-2026,10
Uttar Pradesh,Jhansi,Dexit Global Limited - Jhansi,10-MAY-2026,6
Uttar Pradesh,Jhansi,Dexit Global Limited - Jhansi,27-APR-2026,4
Uttar Pradesh,Jhansi,Dexit Global Limited - Jhansi,27-APR-2026,6
Uttar Pradesh,Jhansi,Dexit Global Limited - Jhansi,29-APR-2026,4
Uttar Pradesh,Jhansi,Dexit Global Limited - Jhansi,29-APR-2026,6
Uttar Pradesh,Kanpur,Dexit Global Limited - Kanpur,04-MAY-2026,10
Uttar Pradesh,Kanpur,Dexit Global Limited - Kanpur,05-MAY-2026,10
Uttar Pradesh,Kanpur,Dexit Global Limited - Kanpur,06-MAY-2026,14
Uttar Pradesh,Kanpur,Dexit Global Limited - Kanpur,07-MAY-2026,10
Uttar Pradesh,Kanpur,Dexit Global Limited - Kanpur,09-MAY-2026,10
Uttar Pradesh,Kanpur,Dexit Global Limited - Kanpur,10-MAY-2026,18
Uttar Pradesh,Kanpur,Dexit Global Limited - Kanpur,27-APR-2026,12
Uttar Pradesh,Kanpur,Dexit Global Limited - Kanpur,27-APR-2026,14
Uttar Pradesh,Kanpur,Dexit Global Limited - Kanpur,27-APR-2026,2
Uttar Pradesh,Kanpur,Dexit Global Limited - Kanpur,28-APR-2026,3
Uttar Pradesh,Kanpur,Dexit Global Limited - Kanpur,29-APR-2026,1
Uttar Pradesh,Kanpur,Dexit Global Limited - Kanpur,29-APR-2026,11
Uttar Pradesh,Lucknow,Dexit Global Limited - Lucknow,04-MAY-2026,10
Uttar Pradesh,Lucknow,Dexit Global Limited - Lucknow,05-MAY-2026,10
Uttar Pradesh,Lucknow,Dexit Global Limited - Lucknow,06-MAY-2026,20
Uttar Pradesh,Lucknow,Dexit Global Limited - Lucknow,07-MAY-2026,10
Uttar Pradesh,Lucknow,Dexit Global Limited - Lucknow,09-MAY-2026,20
Uttar Pradesh,Lucknow,Dexit Global Limited - Lucknow,10-MAY-2026,34
Uttar Pradesh,Lucknow,Dexit Global Limited - Lucknow,10-MAY-2026,35
Uttar Pradesh,Lucknow,Dexit Global Limited - Lucknow,27-APR-2026,14
Uttar Pradesh,Lucknow,Dexit Global Limited - Lucknow,27-APR-2026,7
Uttar Pradesh,Lucknow,Dexit Global Limited - Lucknow,27-APR-2026,9
Uttar Pradesh,Lucknow,Dexit Global Limited - Lucknow,28-APR-2026,10
Uttar Pradesh,Lucknow,Dexit Global Limited - Lucknow,28-APR-2026,6
Uttar Pradesh,Lucknow,Dexit Global Limited - Lucknow,29-APR-2026,13
Uttar Pradesh,Lucknow,Dexit Global Limited - Lucknow,29-APR-2026,9
Uttar Pradesh,Lucknow,Dexit Global Limited - Lucknow,30-APR-2026,4
Uttar Pradesh,Meerut,DEXIT GLOBAL LIMITED - MEERUT-2,03-MAY-2026,22
Uttar Pradesh,Meerut,DEXIT GLOBAL LIMITED - MEERUT-2,10-MAY-2026,25
Uttar Pradesh,Meerut,DEXIT GLOBAL LIMITED - MEERUT-2,27-APR-2026,13
Uttar Pradesh,Meerut,DEXIT GLOBAL LIMITED - MEERUT-2,27-APR-2026,7
Uttar Pradesh,Meerut,DEXIT GLOBAL LIMITED - MEERUT-2,29-APR-2026,12
Uttar Pradesh,Meerut,DEXIT GLOBAL LIMITED - MEERUT-2,29-APR-2026,5
Uttar Pradesh,Moradabad,Dexit Global Limited - Moradabad,03-MAY-2026,9
Uttar Pradesh,Moradabad,Dexit Global Limited - Moradabad,10-MAY-2026,9
Uttar Pradesh,Moradabad,Dexit Global Limited - Moradabad,27-APR-2026,4
Uttar Pradesh,Moradabad,Dexit Global Limited - Moradabad,27-APR-2026,8
Uttar Pradesh,Moradabad,Dexit Global Limited - Moradabad,29-APR-2026,4
Uttar Pradesh,Moradabad,Dexit Global Limited - Moradabad,29-APR-2026,6
Uttar Pradesh,Prayagraj,Dexit Global Limited - Prayagraj,10-MAY-2026,19
Uttar Pradesh,Prayagraj,Dexit Global Limited - Prayagraj,27-APR-2026,11
Uttar Pradesh,Prayagraj,Dexit Global Limited - Prayagraj,27-APR-2026,15
Uttar Pradesh,Prayagraj,Dexit Global Limited - Prayagraj,29-APR-2026,15
Uttar Pradesh,Prayagraj,Dexit Global Limited - Prayagraj,29-APR-2026,8
Uttar Pradesh,Varanasi,Dexit Global Limited - Varanasi,03-MAY-2026,19
Uttar Pradesh,Varanasi,Dexit Global Limited - Varanasi,10-MAY-2026,19
Uttar Pradesh,Varanasi,Dexit Global Limited - Varanasi,27-APR-2026,14
Uttar Pradesh,Varanasi,Dexit Global Limited - Varanasi,27-APR-2026,8
Uttar Pradesh,Varanasi,Dexit Global Limited - Varanasi,29-APR-2026,14
Uttar Pradesh,Varanasi,Dexit Global Limited - Varanasi,29-APR-2026,8
Uttarakhand,Dehradun,Dexit Global Limited - Dehradun,10-MAY-2026,4
Uttarakhand,Dehradun,Dexit Global Limited - Dehradun,27-APR-2026,1
Uttarakhand,Haldwani,Dexit Global Limited - Haldwani,10-MAY-2026,11
Uttarakhand,Haldwani,Dexit Global Limited - Haldwani,28-APR-2026,5
Uttarakhand,Haldwani,Dexit Global Limited - Haldwani,28-APR-2026,6
Uttarakhand,Haldwani,Dexit Global Limited - Haldwani,29-APR-2026,5
Uttarakhand,Haldwani,Dexit Global Limited - Haldwani,29-APR-2026,6
West Bengal,Kharagpur,Dexit Global Limited - Kharagpur,08-MAY-2026,10
West Bengal,Kolkata,Dexit Global Limited - Kolkata,06-MAY-2026,8
West Bengal,Kolkata,Dexit Global Limited - Kolkata,07-MAY-2026,3
West Bengal,Siliguri,Dexit Global Limited - Siliguri,09-MAY-2026,2
West Bengal,Siliguri,Dexit Global Limited - Siliguri,10-MAY-2026,5
